record_type,project,author,date,session_title,commit_count,session_count,commit_hours_estimate,scheduled_hours,attributed_hours_candidate,invited_attendees,evidence_status,notes
project_rollup,Brodie-meta,all authors,,September commit activity,168,168,61,,,,commit-supported estimate,Each meta commit is one session record; hours remain wrklogr clustered estimate and are not 168 hours
project_rollup,Brodie (bean-la/brodie),all authors,,September commit activity,75,14,36,,,,commit-supported estimate,Non-meta repo uses wrklogr clustered sessions
project_rollup,Jono-meta,all authors,,September commit activity,9,9,7,,,,commit-supported estimate,Each meta commit is one session record; hours remain wrklogr clustered estimate and are not 9 hours
project_rollup,Salon94-meta,all authors,,September commit activity,8,8,6,,,,commit-supported estimate,Each meta commit is one session record; hours remain wrklogr clustered estimate and are not 8 hours
project_rollup,ALL PROJECTS,all authors,,Per-repo sum,260,199,110,,,,per-repo sum,Shared cross-repo sessions may be duplicated in per-repo hours
combined_estimate,ALL PROJECTS,all authors,,wrklogr combined commit report,260,,106,,,,combined clustered estimate,Multi-repo combined report clusters shared sessions; do not add to per-project estimate
person_commit_summary,Brodie (bean-la/brodie),Nick (nphillips),,September authored commits,74,,35,,,,filtered wrklogr report,4.4 days at 8h/day; no matching Nick commits reported in other configured repos
person_commit_summary,ALL PROJECTS,Seb,,September authored commits,,,,,,,pending identification,Need confirm Seb GitHub login; do not count all other authors as Seb
client_call_attendee,Brodie,Nick (nick@bean.la),2026-09-01,Brodie / Bean — Tues Standup,,1,,0.5,0.5,"Ryan (ryan@h-n-m.com); Nick (nick@bean.la); Seb (seb@bean.la)",GCal invite attribution,Count this session for the matching Bean attendee; invite does not prove attendance
client_call_attendee,Brodie,Seb (seb@bean.la),2026-09-01,Brodie / Bean — Tues Standup,,1,,0.5,0.5,"Ryan (ryan@h-n-m.com); Nick (nick@bean.la); Seb (seb@bean.la)",GCal invite attribution,Count this session for the matching Bean attendee; invite does not prove attendance
client_call_attendee,Brodie,Nick (nick@bean.la),2026-09-08,Brodie / Bean — Tues Standup,,1,,0.5,0.5,"Ryan (ryan@h-n-m.com); Nick (nick@bean.la); Seb (seb@bean.la)",GCal invite attribution,Count this session for the matching Bean attendee; invite does not prove attendance
client_call_attendee,Brodie,Seb (seb@bean.la),2026-09-08,Brodie / Bean — Tues Standup,,1,,0.5,0.5,"Ryan (ryan@h-n-m.com); Nick (nick@bean.la); Seb (seb@bean.la)",GCal invite attribution,Count this session for the matching Bean attendee; invite does not prove attendance
client_call_attendee,Brodie,Nick (nick@bean.la),2026-09-11,Brodie / Bean — Bi-weekly Review,,1,,1,1,"Ryan (ryan@h-n-m.com); Nick (nick@bean.la); Seb (seb@bean.la)",GCal invite attribution,Count this session for the matching Bean attendee; invite does not prove attendance
client_call_attendee,Brodie,Seb (seb@bean.la),2026-09-11,Brodie / Bean — Bi-weekly Review,,1,,1,1,"Ryan (ryan@h-n-m.com); Nick (nick@bean.la); Seb (seb@bean.la)",GCal invite attribution,Count this session for the matching Bean attendee; invite does not prove attendance
client_call_attendee,Brodie,Nick (nick@bean.la),2026-09-16,Brodie / Bean — Tues Standup,,1,,0.5,0.5,"Ryan (ryan@h-n-m.com); Nick (nick@bean.la); Seb (seb@bean.la)",GCal invite attribution,Count this session for the matching Bean attendee; invite does not prove attendance
client_call_attendee,Brodie,Seb (seb@bean.la),2026-09-16,Brodie / Bean — Tues Standup,,1,,0.5,0.5,"Ryan (ryan@h-n-m.com); Nick (nick@bean.la); Seb (seb@bean.la)",GCal invite attribution,Count this session for the matching Bean attendee; invite does not prove attendance
client_call_attendee,Brodie,Nick (nick@bean.la),2026-09-22,Brodie / Bean — Tues Standup,,1,,0.5,0.5,"Ryan (ryan@h-n-m.com); Nick (nick@bean.la); Seb (seb@bean.la)",GCal invite attribution,Count this session for the matching Bean attendee; invite does not prove attendance
client_call_attendee,Brodie,Seb (seb@bean.la),2026-09-22,Brodie / Bean — Tues Standup,,1,,0.5,0.5,"Ryan (ryan@h-n-m.com); Nick (nick@bean.la); Seb (seb@bean.la)",GCal invite attribution,Count this session for the matching Bean attendee; invite does not prove attendance
client_call_attendee,Brodie,Nick (nick@bean.la),2026-09-25,Brodie / Bean — Bi-weekly Review,,1,,1,1,"Ryan (ryan@h-n-m.com); Nick (nick@bean.la); Seb (seb@bean.la)",GCal invite attribution,Count this session for the matching Bean attendee; invite does not prove attendance
client_call_attendee,Brodie,Seb (seb@bean.la),2026-09-25,Brodie / Bean — Bi-weekly Review,,1,,1,1,"Ryan (ryan@h-n-m.com); Nick (nick@bean.la); Seb (seb@bean.la)",GCal invite attribution,Count this session for the matching Bean attendee; invite does not prove attendance
client_call_attendee,Brodie,Nick (nick@bean.la),2026-09-29,Brodie / Bean — Tues Standup,,1,,0.5,0.5,"Ryan (ryan@h-n-m.com); Nick (nick@bean.la); Seb (seb@bean.la)",GCal invite attribution,Count this session for the matching Bean attendee; invite does not prove attendance
client_call_attendee,Brodie,Seb (seb@bean.la),2026-09-29,Brodie / Bean — Tues Standup,,1,,0.5,0.5,"Ryan (ryan@h-n-m.com); Nick (nick@bean.la); Seb (seb@bean.la)",GCal invite attribution,Count this session for the matching Bean attendee; invite does not prove attendance
client_call_attendee,Salon94,Seb (seb@bean.la),2026-09-03,Salon94 x Bean,,1,,1,1,"Andrew (andrew@salon94.com); Athena (athena@salon94.com); Seb (seb@bean.la)",GCal invite attribution,Count this session for the matching Bean attendee; invite does not prove attendance
person_call_total,Brodie,Nick (nick@bean.la),,Invited client-call hours,,,,4.5,4.5,,GCal attendee sum,Seven calls; person-hours are counted per matching Bean attendee
person_call_total,Brodie,Seb (seb@bean.la),,Invited client-call hours,,,,4.5,4.5,,GCal attendee sum,Seven calls; person-hours are counted per matching Bean attendee
person_call_total,Salon94,Seb (seb@bean.la),,Invited client-call hours,,,,1,1,,GCal attendee sum,One call; invite does not prove attendance
project_call_total,ALL CLIENT CALLS,all Bean attendees,,Unique client-call time,,,,5.5,5.5,,Unique-event total,8 unique events; do not sum per-attendee rows for project total
email_activity,ALL PROJECTS,Nick and Seb,2026-09,,0,0,,,0.5,,blocked,Gmail tenant has no active shared relationship or whitelist; no email sessions included
